YEAR_WEEK,RRP_mean,RRP_median,RRP_min,RRP_max,TOTALDEMAND_mean,TOTALDEMAND_median,TOTALDEMAND_min,TOTALDEMAND_max,YEAR,WEEK
2019-00,92.54,91.87,41.05,249.75,8690.77,8781.68,6198.13,11899.31,2019,00
2019-01,80.46,76.08,36.75,215.94,8089.71,8144.75,5973.27,10751.63,2019,01
2019-02,136.05,113.19,43.4,337.72,9506.73,9091.88,6381.0,13545.39,2019,02
2019-03,115.06,99.94,38.11,323.79,9245.85,9222.76,6408.85,13206.9,2019,03
2019-04,144.86,89.7,49.71,4631.98,9006.27,8606.45,6423.03,13700.9,2019,04
2019-05,106.7,94.34,49.43,303.96,8905.41,9016.87,6331.29,12226.27,2019,05
2019-06,86.31,86.36,15.54,145.5,7937.08,8076.78,6017.97,12110.45,2019,06
2019-07,88.52,87.8,45.31,142.49,8074.21,8004.7,6051.26,11898.99,2019,07
2019-08,76.47,78.26,18.79,134.95,7876.99,8019.3,5775.98,9906.75,2019,08
2019-09,89.51,89.02,37.48,220.99,8220.35,8126.34,6269.85,11172.95,2019,09
2019-10,84.91,82.09,31.81,162.46,8030.17,8023.26,5959.59,10997.06,2019,10
2019-11,94.06,92.16,37.89,181.79,7696.81,7893.47,5850.42,9269.3,2019,11
2019-12,87.17,87.64,23.0,155.49,7625.85,7751.58,5969.84,9129.7,2019,12
2019-13,86.04,79.61,30.67,275.95,7403.51,7561.2,5591.05,8758.24,2019,13
2019-14,84.58,81.84,24.3,204.08,7491.23,7579.83,5900.04,9703.26,2019,14
2019-15,83.91,87.0,32.94,143.56,7228.98,7307.94,5766.37,9050.86,2019,15
2019-16,62.7,57.72,12.93,117.02,7052.4,7069.6,5678.68,8877.46,2019,16
2019-17,73.57,68.16,41.18,206.72,7548.35,7696.38,5802.61,9259.97,2019,17
2019-18,76.66,68.66,33.37,255.72,7772.28,7785.64,5818.0,9876.33,2019,18
2019-19,83.52,77.68,43.88,289.71,7826.34,7798.12,6224.45,9705.86,2019,19
2019-20,78.64,77.85,34.72,216.72,7680.77,7748.78,6074.33,9584.01,2019,20
2019-21,82.36,75.72,39.94,285.33,8369.44,8310.85,5836.8,11209.02,2019,21
2019-22,132.36,109.51,50.09,1095.59,8883.04,8857.18,6396.97,12112.84,2019,22
2019-23,78.75,76.56,26.94,249.36,7983.0,7971.88,6095.49,9980.47,2019,23
2019-24,88.74,74.37,34.38,293.64,8958.92,8826.44,6326.1,11700.84,2019,24
2019-25,69.34,65.04,6.48,237.59,8861.63,8776.33,6665.74,11787.09,2019,25
2019-26,68.42,67.16,14.3,234.62,8659.76,8621.98,6232.89,11379.76,2019,26
2019-27,76.35,69.38,22.11,270.19,8484.57,8445.42,6372.63,11001.19,2019,27
2019-28,71.12,62.36,7.46,265.46,8627.22,8537.84,6690.88,11156.52,2019,28
2019-29,67.39,63.5,2.98,221.95,8347.4,8313.49,6492.56,10586.01,2019,29
2019-30,71.66,62.36,42.74,276.61,8583.56,8510.2,6697.94,11107.04,2019,30
2019-31,81.37,68.83,32.43,282.69,8487.89,8326.34,6633.02,10732.08,2019,31
2019-32,85.66,69.33,26.38,369.86,8635.71,8393.12,6638.83,11221.11,2019,32
2019-33,59.72,51.82,-9.51,276.73,8106.6,7913.02,6176.72,11101.06,2019,33
2019-34,114.21,87.13,20.12,331.44,8333.69,8367.22,6186.8,11185.92,2019,34
2019-35,78.15,67.65,-15.78,297.45,7572.98,7517.28,6024.08,9800.14,2019,35
2019-36,92.84,81.31,0.0,299.6,7721.71,7629.62,6042.46,10633.88,2019,36
2019-37,97.87,82.52,5.78,299.6,7583.77,7485.64,5747.89,10887.57,2019,37
2019-38,114.55,89.16,24.89,319.17,7190.99,7096.56,5656.62,9196.73,2019,38
2019-39,107.06,93.1,15.09,299.6,7227.11,7267.42,5795.17,9177.25,2019,39
2019-40,110.77,97.9,0.0,299.5,7127.4,7213.5,5800.41,8555.61,2019,40
2019-41,90.03,80.9,25.82,290.81,7106.28,7125.04,5860.24,8498.22,2019,41
2019-42,83.97,82.34,22.44,224.28,7275.16,7238.3,5735.88,9514.79,2019,42
2019-43,111.12,94.58,49.94,310.87,7323.97,7356.14,5729.21,9272.97,2019,43
2019-44,69.15,69.86,8.72,224.55,7211.24,7336.48,5695.18,8871.9,2019,44
2019-45,72.68,68.9,31.35,277.62,7188.18,7182.22,5709.96,10183.0,2019,45
2019-46,68.11,67.97,25.5,205.54,7642.47,7579.02,5881.72,10655.79,2019,46
2019-47,64.09,64.67,33.18,143.78,7581.62,7516.66,5964.61,9765.25,2019,47
2019-48,50.39,45.08,20.58,215.08,7367.77,7361.44,5844.29,9842.08,2019,48
2019-49,55.95,55.77,25.2,112.52,7700.04,7785.22,5887.18,10768.37,2019,49
2019-50,54.9,54.28,22.99,95.0,8016.81,7946.98,6077.07,11454.8,2019,50
2019-51,46.6,46.3,17.01,71.1,7200.66,7137.9,5634.88,9806.43,2019,51
2019-52,53.29,50.71,26.96,145.06,8190.46,7964.66,6104.58,11638.99,2019,52
2020-00,361.6,50.71,6.62,14700.0,8109.54,7722.58,6037.57,12334.04,2020,00
2020-01,49.37,48.65,21.62,112.6,7964.17,7874.54,5873.73,11920.34,2020,01
2020-02,47.0,47.7,5.44,85.88,7593.39,7594.11,5765.85,9524.55,2020,02
2020-03,84.24,55.9,15.39,2652.08,8505.73,8336.98,5938.99,13330.14,2020,03
2020-04,313.77,70.55,28.73,13063.52,9418.32,9257.43,6515.47,13634.63,2020,04
2020-05,46.04,44.39,11.94,88.57,7951.2,7850.58,5949.24,10938.26,2020,05
2020-06,56.85,51.23,12.95,182.91,7910.76,8010.08,5822.36,10020.15,2020,06
2020-07,58.46,51.4,34.99,211.63,7751.52,7735.53,6042.5,11079.33,2020,07
2020-08,50.38,48.42,27.23,87.21,7789.42,7791.9,6018.86,10252.21,2020,08
2020-09,51.29,47.72,13.2,169.19,7848.12,7879.24,5972.9,11344.04,2020,09
2020-10,41.53,40.29,17.43,88.24,7221.55,7342.95,5720.64,8631.93,2020,10
2020-11,44.73,42.61,1.33,146.79,7335.27,7322.42,5665.41,10226.72,2020,11
2020-12,44.73,44.06,20.07,71.69,7108.99,7239.16,5720.19,8389.77,2020,12
2020-13,52.45,50.59,6.61,200.64,7083.86,7223.04,5599.99,8523.36,2020,13
2020-14,41.02,41.52,-19.41,256.77,6834.63,6965.99,5384.58,8725.82,2020,14
2020-15,39.36,37.88,1.01,300.78,6754.95,6763.33,5503.99,8805.66,2020,15
2020-16,37.75,38.59,-18.33,113.53,6885.92,6875.57,5657.88,8868.11,2020,16
2020-17,33.11,37.27,-5.41,103.35,7259.67,7270.78,5481.48,9826.56,2020,17
2020-18,36.74,36.82,4.08,238.61,7350.48,7256.48,5768.76,9823.34,2020,18
2020-19,40.87,38.67,2.01,181.49,7899.84,7933.18,5675.34,10376.27,2020,19
2020-20,49.01,44.3,8.42,152.3,7968.69,7979.62,6190.73,10680.81,2020,20
2020-21,45.35,38.45,0.08,276.78,8111.43,8077.58,6091.08,11148.12,2020,21
2020-22,44.44,38.69,10.75,211.84,8374.01,8250.7,5864.55,11588.33,2020,22
2020-23,71.35,47.77,17.51,2195.55,8306.49,8285.38,6392.24,10836.23,2020,23
2020-24,38.2,36.16,0.0,299.9,8224.62,8127.89,5932.1,11113.26,2020,24
2020-25,41.05,37.82,9.91,252.32,8779.43,8645.05,6150.3,11980.08,2020,25
2020-26,36.7,36.78,3.4,145.81,8543.32,8408.68,6477.9,11575.8,2020,26
2020-27,45.86,42.18,6.71,299.6,8799.44,8781.61,6517.2,11452.33,2020,27
2020-28,50.06,45.99,4.26,182.58,8799.07,8765.15,5678.37,11668.99,2020,28
2020-29,56.26,41.56,-12.84,299.6,8695.06,8511.62,6333.5,11739.02,2020,29
2020-30,45.9,41.06,15.52,161.05,8547.52,8502.08,6171.26,11551.78,2020,30
2020-31,43.69,39.03,9.81,158.14,8717.75,8509.0,6431.2,11908.24,2020,31
2020-32,47.65,40.57,24.52,247.03,8512.16,8491.73,6394.22,11735.61,2020,32
2020-33,45.37,39.56,21.06,170.1,8045.43,7846.31,6101.04,10765.92,2020,33
2020-34,66.82,47.94,6.48,1908.02,8258.04,8047.18,5825.99,11500.53,2020,34
2020-35,42.93,38.65,-3.23,247.31,7414.13,7373.39,5630.73,10090.8,2020,35
2020-36,38.5,37.13,2.97,140.0,7414.59,7312.64,5640.8,10255.73,2020,36
2020-37,39.87,37.67,0.0,158.5,7136.81,7059.88,5772.14,9021.34,2020,37
2020-38,37.86,37.91,-3.56,139.43,7080.01,6964.69,5690.18,9089.91,2020,38
2020-39,42.35,38.7,-1.91,299.99,7016.02,6946.14,5455.91,9271.89,2020,39
2020-40,64.76,44.32,0.0,299.99,6785.26,6905.25,5221.13,8451.43,2020,40
2020-41,49.77,44.08,15.05,299.93,6923.39,6927.78,5256.14,8544.86,2020,41
2020-42,76.25,45.94,14.03,4502.26,7009.3,7058.4,5592.78,8401.0,2020,42
2020-43,50.99,44.26,28.78,360.87,7193.4,7170.82,5615.75,9324.77,2020,43
2020-44,51.66,43.53,7.17,232.73,6917.18,6866.5,5593.59,8880.37,2020,44
2020-45,46.76,41.31,30.88,162.32,6913.28,6921.78,5489.36,8871.05,2020,45
2020-46,94.11,43.06,5.74,7550.0,7417.46,7251.25,5702.91,11337.12,2020,46
2020-47,62.92,45.65,10.54,2533.74,7792.14,7489.0,5818.94,12401.82,2020,47
2020-48,52.6,41.48,-139.93,2286.4,7874.65,7789.54,6074.63,11865.01,2020,48
2020-49,41.58,38.24,2.51,136.81,7034.93,7074.16,5785.77,9237.17,2020,49
2020-50,168.58,51.38,14.38,10034.46,7742.77,7657.18,5741.81,10753.58,2020,50
2020-51,40.96,38.58,12.31,102.68,6829.16,6718.62,5299.66,8664.85,2020,51
2020-52,34.64,36.92,-2.07,53.86,6764.99,6895.6,5502.01,8598.21,2020,52
2021-00,31.29,32.38,6.91,43.29,6520.22,6498.09,5564.77,7580.57,2021,00
2021-01,35.02,35.4,-1.26,64.52,7083.74,7092.03,5685.03,9271.53,2021,01
2021-02,46.82,37.92,8.76,299.99,7671.73,7526.54,5457.08,11729.36,2021,02
2021-03,37.62,36.15,0.56,139.03,7606.47,7501.27,5566.54,10934.61,2021,03
2021-04,39.2,36.24,14.4,229.98,8285.93,8034.74,6143.44,12197.57,2021,04
2021-05,34.37,34.66,19.98,54.55,7575.53,7537.64,6064.05,10102.9,2021,05
2021-06,35.15,35.24,-4.02,64.16,7442.19,7449.4,6013.93,10177.59,2021,06
2021-07,36.2,35.12,15.16,163.19,7293.76,7363.41,5704.44,9172.89,2021,07
2021-08,34.21,34.76,14.61,77.74,7567.5,7593.5,6011.82,10043.68,2021,08
2021-09,33.63,34.5,5.49,92.71,7352.4,7197.24,5912.13,11404.28,2021,09
2021-10,38.11,35.54,6.9,176.61,7544.63,7676.7,5715.88,9587.3,2021,10
2021-11,34.37,34.2,14.21,64.27,7311.27,7445.13,5682.96,8778.8,2021,11
2021-12,48.69,43.38,4.25,255.61,7247.92,7255.96,5758.71,8911.03,2021,12
2021-13,35.25,34.42,-22.68,196.18,6878.5,6909.11,5468.27,8439.88,2021,13
2021-14,39.02,36.04,-21.99,229.17,7130.83,7208.07,5619.79,9131.89,2021,14
2021-15,44.21,37.19,-41.99,243.38,7095.72,7159.98,5170.46,9249.82,2021,15
2021-16,76.6,44.97,2.81,2673.52,7266.46,7158.24,5526.33,9605.85,2021,16
2021-17,71.92,50.74,13.28,299.99,7318.87,7162.96,5530.65,9367.19,2021,17
2021-18,53.44,43.7,19.55,299.99,7550.59,7621.51,5913.87,9962.77,2021,18
2021-19,58.99,40.76,6.95,2679.49,7540.13,7459.38,5848.51,9734.25,2021,19
2021-20,186.59,51.34,18.65,7651.8,8200.16,8117.74,5901.41,10560.28,2021,20
2021-21,145.19,54.86,8.02,6847.66,8091.76,7924.14,6346.88,10471.17,2021,21
2021-22,205.82,85.17,17.78,3385.07,8537.03,8399.82,6528.83,11570.53,2021,22
2021-23,206.63,67.32,-85.28,8022.05,9122.87,8945.39,6493.13,12863.76,2021,23
2021-24,190.51,89.21,18.32,3339.92,8670.95,8583.58,6638.11,11316.52,2021,24
2021-25,111.83,77.64,32.5,2688.48,8762.86,8680.56,6673.46,11742.22,2021,25
2021-26,80.9,69.12,22.67,335.83,8713.2,8699.36,6597.27,11829.74,2021,26
2021-27,177.11,157.48,20.27,2810.72,9231.08,9076.58,6578.75,12396.95,2021,27
2021-28,125.35,57.82,-96.28,5176.53,8721.22,8438.46,6617.54,11835.93,2021,28
2021-29,148.3,99.58,-3.03,4604.03,8867.12,8801.1,6434.97,12004.33,2021,29
2021-30,59.63,53.49,-37.05,265.33,8196.32,7974.52,6424.44,11336.67,2021,30
2021-31,56.41,48.86,-27.37,299.98,7990.62,7789.66,5917.98,11343.96,2021,31
2021-32,61.35,57.48,-16.08,299.7,7752.77,7700.23,5757.86,10595.68,2021,32
2021-33,56.65,49.76,-92.69,299.98,7590.48,7413.24,5465.03,10345.23,2021,33
2021-34,67.43,62.82,-42.61,299.98,7924.63,7733.16,5189.86,12040.28,2021,34
2021-35,51.02,51.92,-18.91,277.07,7397.0,7317.43,5716.25,10267.55,2021,35
2021-36,35.71,42.8,-40.87,161.13,7011.25,6920.28,5000.57,10026.6,2021,36
2021-37,55.4,53.2,-51.11,255.66,7213.84,7085.18,4948.95,10236.28,2021,37
2021-38,50.47,54.04,-43.62,299.98,6863.79,6766.14,4767.17,10035.5,2021,38
2021-39,62.71,55.01,-16.21,299.98,6870.38,6828.17,5354.81,9373.53,2021,39
2021-40,30.48,43.58,-80.0,299.98,6430.06,6370.5,4616.94,8394.46,2021,40
2021-41,59.45,53.78,-49.37,678.64,7112.35,7266.36,4822.87,9331.65,2021,41
2021-42,70.61,68.93,-46.55,299.98,6681.87,6624.46,4286.19,8433.01,2021,42
2021-43,67.82,68.26,-39.01,910.63,6756.33,6736.24,4843.31,9019.48,2021,43
2021-44,64.44,64.99,-36.05,299.98,6779.49,6845.96,4581.19,8441.59,2021,44
2021-45,60.43,57.76,-44.02,1400.01,7009.99,7035.12,5596.08,8671.25,2021,45
2021-46,62.55,50.12,-54.14,15100.0,6703.85,6765.84,4962.66,8330.18,2021,46
2021-47,65.54,60.61,-60.38,9420.84,7153.7,7170.88,5629.6,8885.21,2021,47
2021-48,65.08,63.93,-39.01,299.98,7092.38,7108.6,5664.84,9132.71,2021,48
2021-49,60.59,60.8,-42.06,191.71,7044.24,7092.85,5564.15,8661.33,2021,49
2021-50,72.82,65.63,-41.85,304.6,7176.49,7055.54,5272.26,11196.03,2021,50
2021-51,82.69,76.6,-1000.0,1175.71,7778.72,7711.97,5774.31,11146.17,2021,51
2021-52,57.27,64.9,-49.96,299.99,6456.01,6152.96,5200.2,8508.47,2021,52
2022-00,79.63,82.96,0.0,128.26,6707.97,6382.51,5604.14,8327.74,2022,00
2022-01,75.44,70.5,0.0,299.99,7446.36,7492.26,5777.12,9408.18,2022,01
2022-02,80.02,80.01,0.02,284.89,7814.5,7735.1,5981.44,10411.33,2022,02
2022-03,61.0,64.99,-322.46,278.65,7578.41,7419.14,5764.17,11382.21,2022,03
2022-04,81.0,81.22,-31.51,299.99,7594.38,7540.1,5746.28,10451.49,2022,04
2022-05,81.79,74.93,-1000.0,1231.96,7804.96,7441.76,5318.28,12518.02,2022,05
2022-06,68.51,70.2,-39.42,299.99,7195.04,7122.72,5464.77,10522.09,2022,06
2022-07,90.42,85.0,-33.02,601.17,7514.71,7395.14,5631.73,11234.2,2022,07
2022-08,101.93,89.58,14.69,15100.0,7833.51,7946.12,5923.41,10291.6,2022,08
2022-09,85.15,84.98,0.0,287.15,7633.86,7738.24,6001.96,9239.0,2022,09
2022-10,102.06,90.01,-41.01,8574.44,7317.72,7256.6,5740.48,9691.24,2022,10
2022-11,96.92,93.21,0.0,632.03,7236.78,7234.69,5698.33,9215.6,2022,11
2022-12,99.45,99.3,-86.86,299.99,7215.71,7261.4,5153.04,9620.47,2022,12
2022-13,136.98,119.95,25.32,299.99,7313.74,7404.93,5652.61,8948.79,2022,13
2022-14,228.4,253.45,-45.0,2258.16,7160.55,7228.94,5171.9,9331.28,2022,14
2022-15,170.47,141.86,-2.02,1089.74,6948.2,6964.64,5140.89,9356.78,2022,15
2022-16,153.66,136.0,-5.74,319.5,6882.78,6857.08,4995.58,9166.55,2022,16
2022-17,195.96,198.54,0.02,299.99,7264.16,7353.72,5523.76,9449.51,2022,17
2022-18,387.22,233.26,-1.07,15100.0,7303.16,7231.74,5475.1,9379.58,2022,18
2022-19,304.08,299.98,73.61,4705.43,7775.55,7809.72,5432.63,10025.6,2022,19
2022-20,248.66,271.1,-38.82,517.0,7808.1,7669.38,5733.84,10748.37,2022,20
2022-21,317.03,314.24,14.47,1174.95,8021.33,7919.94,6206.09,10593.02,2022,21
2022-22,451.79,428.44,0.0,9346.34,8893.52,8802.38,5990.14,11947.48,2022,22
2022-23,433.84,384.62,-2.37,2339.33,8982.28,8687.61,6645.53,12249.16,2022,23
2022-24,383.87,300.0,13.64,15100.0,8671.0,8482.4,6454.4,12188.99,2022,24
2022-25,297.85,300.0,-44.33,610.02,8635.85,8455.1,6162.16,11381.92,2022,25
2022-26,413.85,380.91,9.52,15099.98,9045.7,8983.86,6517.11,11945.15,2022,26
2022-27,348.82,343.92,-37.87,787.06,8714.02,8821.08,6490.38,11390.19,2022,27
2022-28,537.87,470.2,22.24,15500.0,9201.3,9012.79,6939.52,11944.29,2022,28
2022-29,340.56,311.1,-39.73,776.39,8990.82,8891.9,6105.59,12415.43,2022,29
2022-30,278.67,300.11,-43.63,661.74,8629.86,8407.65,6269.02,11735.5,2022,30
2022-31,128.84,119.04,-47.96,438.17,8246.5,8183.96,5957.83,11257.01,2022,31
2022-32,187.41,160.42,-40.01,502.53,8588.87,8525.28,6222.25,11671.78,2022,32
2022-33,141.2,138.64,-55.0,450.02,8295.65,8103.5,6349.87,11480.59,2022,33
2022-34,154.14,151.9,-51.01,450.02,8253.44,8019.84,5287.63,12141.49,2022,34
2022-35,143.31,143.81,-49.0,1025.2,7861.2,7884.25,5350.62,10474.57,2022,35
2022-36,170.84,162.0,-58.81,684.86,7826.57,7633.82,5573.81,10902.13,2022,36
2022-37,155.53,162.99,-69.28,444.76,7467.1,7396.47,4494.49,10820.3,2022,37
2022-38,139.01,157.38,-79.74,583.07,7188.65,7170.15,4669.44,9499.94,2022,38
2022-39,138.06,149.15,-78.37,299.99,7275.29,7174.61,4196.88,9541.77,2022,39
2022-40,156.59,160.7,-120.0,1109.77,7331.78,7451.02,4742.74,9821.55,2022,40
2022-41,162.54,159.04,-55.0,551.77,7083.99,7042.59,4305.8,9217.08,2022,41
2022-42,153.03,150.75,-35.41,534.67,7065.72,7175.81,4823.02,8625.51,2022,42
2022-43,140.04,134.71,-77.09,13811.77,6837.21,6874.3,4130.43,8898.93,2022,43
2022-44,120.16,118.99,-82.39,14450.58,6737.88,6727.5,4196.51,8933.79,2022,44
2022-45,100.25,109.64,-62.41,299.99,6574.66,6526.23,4451.39,8353.9,2022,45
2022-46,130.62,125.86,-55.0,541.26,6617.77,6534.46,4490.51,8348.55,2022,46
2022-47,106.4,109.5,-80.0,1117.55,6434.07,6359.64,4138.2,8294.79,2022,47
2022-48,111.88,121.4,-59.73,381.9,6805.16,6828.34,4932.98,8367.4,2022,48
2022-49,84.43,100.88,-64.13,323.07,6728.24,6614.66,4830.16,9575.59,2022,49
2022-50,91.04,100.01,-120.0,15500.0,6651.19,6624.98,4530.54,8770.72,2022,50
2022-51,77.88,90.7,-69.21,223.55,6727.76,6671.81,4953.36,8762.04,2022,51
2022-52,69.41,89.51,-65.81,209.14,6741.56,6525.57,4643.68,9530.98,2022,52
2023-01,73.24,81.76,-61.79,191.25,6798.85,6721.86,5211.93,9397.81,2023,01
2023-02,97.52,99.1,-61.39,1254.85,7049.99,6951.25,4450.19,9364.16,2023,02
2023-03,84.0,89.0,-56.29,273.91,7456.89,7410.9,5180.66,10675.9,2023,03
2023-04,105.39,101.56,-48.17,450.0,7613.21,7284.39,5854.4,11035.01,2023,04
2023-05,119.44,118.99,-999.99,921.76,7785.34,7692.28,4604.97,11189.8,2023,05
2023-06,89.8,90.2,-999.98,554.86,7698.56,7759.52,4715.98,10801.53,2023,06
2023-07,93.88,90.2,-54.4,958.68,7629.36,7468.19,6075.42,10914.66,2023,07
2023-08,80.37,88.88,-55.36,591.47,7652.73,7596.55,5519.21,11871.99,2023,08
2023-09,85.71,89.62,-59.0,299.98,7662.27,7628.48,5140.09,9990.11,2023,09
2023-10,95.64,88.88,-45.0,14100.0,7742.94,7530.36,5236.18,13118.73,2023,10
2023-11,168.6,88.88,-47.0,14506.69,7789.39,7605.42,6004.21,12299.02,2023,11
2023-12,101.78,90.2,-43.75,13405.81,7615.94,7550.19,5980.46,12133.04,2023,12
2023-13,117.39,118.99,-48.84,440.2,7145.61,7176.42,5023.96,9097.32,2023,13
2023-14,114.22,100.01,-73.4,1264.76,6838.2,6798.78,4519.59,8954.69,2023,14
2023-15,84.58,90.2,-81.0,314.71,6748.86,6804.8,3957.32,9191.37,2023,15
2023-16,117.11,102.74,-49.64,351.03,7094.18,7047.06,5464.27,9359.62,2023,16
2023-17,110.07,100.01,-44.29,756.22,7058.14,7032.08,5130.57,9184.25,2023,17
2023-18,169.79,142.56,-908.49,2964.04,7306.02,7194.25,5205.52,9759.83,2023,18
2023-19,160.0,138.99,-49.36,1026.18,7917.32,7762.36,5886.49,10971.54,2023,19
2023-20,186.51,150.01,8.58,15486.97,8014.86,7844.02,5837.88,10864.6,2023,20
2023-21,262.07,150.01,-47.83,14892.28,8354.43,8298.3,5824.64,11165.16,2023,21
2023-22,164.24,95.32,-1.93,15500.0,8118.14,7925.88,5863.12,11036.64,2023,22
2023-23,90.46,88.88,-29.53,417.62,8060.37,8016.06,5667.4,10751.35,2023,23
2023-24,99.82,89.0,-27.75,2437.82,8324.3,8210.19,5642.4,11392.53,2023,24
2023-25,127.03,92.3,-50.01,14800.0,8982.82,8761.08,5944.45,12589.22,2023,25
2023-26,95.45,89.0,-46.6,299.99,8725.23,8545.45,5684.4,12224.39,2023,26
2023-27,96.37,86.74,-60.0,413.5,8395.52,8363.63,5884.54,11155.99,2023,27
2023-28,63.21,64.99,-50.49,299.99,8051.88,7908.02,5540.31,10917.71,2023,28
2023-29,87.65,87.21,-50.0,299.99,8398.9,8181.04,5876.77,11501.56,2023,29
2023-30,92.88,88.88,-50.01,1188.32,8232.44,8051.06,5632.8,11336.31,2023,30
2023-31,88.59,63.16,-61.69,11452.87,7680.88,7594.56,4890.02,10406.16,2023,31
2023-32,80.03,64.96,-50.01,724.99,7920.87,7797.34,5466.0,10984.72,2023,32
2023-33,123.19,85.98,-60.49,16500.0,8065.09,7932.36,5221.4,11209.27,2023,33
2023-34,83.78,73.28,-59.79,300.7,7465.07,7421.59,4653.4,9986.89,2023,34
2023-35,79.22,73.46,-55.0,308.07,7284.14,7253.33,4692.54,9818.23,2023,35
2023-36,74.84,61.5,-62.62,16599.89,7044.52,7104.68,4118.3,9601.35,2023,36
2023-37,67.35,65.57,-80.24,452.08,6941.46,6995.28,4368.05,9856.18,2023,37
2023-38,53.94,58.0,-74.5,299.99,6830.09,6643.66,4211.15,9875.21,2023,38
2023-39,54.64,59.38,-65.14,447.09,6645.35,6613.55,3967.21,8802.57,2023,39
2023-40,46.43,58.0,-75.41,299.99,6656.79,6671.69,4111.87,9847.29,2023,40
2023-41,39.37,55.61,-57.68,299.99,6371.77,6370.71,3868.54,9349.07,2023,41
2023-42,45.86,54.95,-59.55,299.99,6501.21,6502.74,3902.77,8528.63,2023,42
2023-43,39.14,54.95,-59.02,2054.0,6622.91,6598.14,3957.9,9373.03,2023,43
2023-44,48.1,58.0,-55.66,299.99,6613.4,6583.66,3664.34,9112.95,2023,44
2023-45,98.75,64.4,-45.0,14452.53,6820.72,6675.84,4730.27,9276.92,2023,45
2023-46,119.98,96.26,-55.21,15433.42,6790.13,6755.85,3964.09,8895.22,2023,46
2023-47,87.44,80.63,-45.0,724.99,7082.59,7186.15,3912.21,8721.69,2023,47
2023-48,54.08,56.84,-42.65,320.0,7182.7,7069.92,4581.02,8897.54,2023,48
2023-49,90.65,64.95,-56.96,14248.59,7722.08,7351.56,4066.98,12332.55,2023,49
2023-50,81.12,67.72,-68.27,662.97,8185.89,7866.0,5769.42,13053.11,2023,50
2023-51,64.03,59.99,-69.51,300.79,7368.97,7286.84,4548.69,11479.8,2023,51
2023-52,44.04,52.44,-51.68,1495.72,6461.11,6322.97,4329.34,8948.15,2023,52
2023-53,28.37,42.28,-55.55,299.99,6392.49,6250.44,5719.4,7194.52,2023,53
2024-00,48.88,53.34,-37.22,299.98,6929.22,6706.94,4837.19,9168.28,2024,00
2024-01,74.96,71.78,-33.27,300.09,7726.73,7664.51,4915.05,11007.44,2024,01
2024-02,62.7,58.0,-878.45,2871.86,7421.66,7395.66,5423.36,10344.43,2024,02
2024-03,121.55,59.99,-839.73,9569.76,8030.09,7640.08,5863.66,12494.58,2024,03
2024-04,101.48,68.0,-100.15,11781.97,7996.61,7858.46,5438.13,12058.72,2024,04
2024-05,85.43,62.9,-367.77,5559.1,7770.69,7423.83,5121.08,12294.95,2024,05
2024-06,72.66,62.85,-43.88,724.99,7745.08,7627.92,5436.86,10980.22,2024,06
2024-07,94.96,63.58,-809.47,4085.83,7960.07,7700.81,6021.31,12422.83,2024,07
2024-08,190.43,69.38,-658.78,16600.0,8180.44,8015.65,4871.1,13763.96,2024,08
2024-09,76.13,65.7,-45.0,299.99,7467.99,7298.59,5157.98,10237.19,2024,09
2024-10,78.71,76.1,-45.0,299.99,7582.02,7371.78,5479.6,11384.16,2024,10
2024-11,60.67,58.02,-46.0,299.98,7077.58,7033.14,5004.32,9965.97,2024,11
2024-12,65.29,58.02,-62.37,299.99,6885.13,6789.36,4377.09,9443.04,2024,12
2024-13,70.48,66.24,-35.66,344.54,6992.87,7055.7,4484.93,9012.59,2024,13
2024-14,78.01,85.16,-45.02,300.17,6818.47,6746.24,4516.43,9356.3,2024,14
2024-15,111.24,105.74,-52.31,314.98,6951.9,6866.63,4234.22,9133.14,2024,15
2024-16,85.72,86.13,-45.83,299.99,6804.59,6708.69,4358.14,9152.02,2024,16
2024-17,139.05,107.16,-50.01,15357.49,7410.19,7367.23,4465.75,9709.74,2024,17
2024-18,745.31,145.21,-45.0,16600.0,7641.93,7537.71,6052.3,9826.63,2024,18
2024-19,122.86,105.74,-46.0,323.15,7499.39,7339.82,5433.4,10059.35,2024,19
2024-20,165.3,125.41,-44.0,14100.0,8003.19,7863.63,5137.18,10643.29,2024,20
2024-21,104.85,88.0,-45.0,449.99,8016.38,8045.12,5194.6,10555.54,2024,21
2024-22,125.59,105.74,-45.0,432.4,8452.51,8277.42,5941.13,11443.03,2024,22
2024-23,137.99,106.1,-47.0,1117.82,8555.91,8503.57,5355.22,11629.52,2024,23
2024-24,228.49,258.66,-45.02,911.3,8990.62,8727.65,5730.38,12086.38,2024,24
2024-25,130.09,100.82,-20.26,724.99,8712.22,8474.29,6261.08,12113.02,2024,25
2024-26,128.06,89.35,-11.07,449.98,8885.57,8581.83,6611.71,12279.36,2024,26
2024-27,139.0,113.58,-30.12,299.99,8523.48,8408.1,6399.74,11323.74,2024,27
2024-28,95.84,78.02,-47.0,389.09,8745.05,8550.39,5633.41,12461.59,2024,28
2024-29,84.51,82.33,-48.56,299.99,8249.85,8098.74,5129.17,11203.93,2024,29
2024-30,209.67,135.09,-45.02,17289.83,8816.24,8554.36,5147.16,12354.51,2024,30
2024-31,431.61,152.8,-19.4,17500.0,8450.57,8364.9,5396.85,11746.25,2024,31
2024-32,137.99,115.01,-595.5,11730.45,7954.56,8007.56,5019.13,10845.21,2024,32
2024-33,80.28,85.02,-60.0,725.02,7284.88,7204.68,4302.45,10357.58,2024,33
2024-34,42.14,57.0,-74.89,725.05,6756.14,6825.8,3650.37,9226.98,2024,34
2024-35,35.45,56.98,-64.18,256.47,6661.15,6754.42,3423.76,9490.84,2024,35
2024-36,66.7,70.0,-57.05,16611.9,6785.47,6768.16,3596.54,9368.05,2024,36
2024-37,43.55,57.02,-64.7,299.99,6565.66,6765.29,3307.13,9954.48,2024,37
2024-38,75.06,76.72,-62.5,656.74,6875.45,6848.0,3280.94,10249.44,2024,38
2024-39,69.81,65.0,-58.02,17307.23,6607.76,6618.56,3824.36,8995.51,2024,39
2024-40,60.4,70.0,-65.0,590.91,6491.29,6683.15,3247.78,8919.37,2024,40
2024-41,92.21,76.0,-642.76,13918.52,6729.57,6783.59,3982.78,8893.09,2024,41
2024-42,89.88,76.72,-94.92,10378.41,6195.09,6316.8,3015.86,8425.35,2024,42
2024-43,75.25,75.8,-999.96,580.0,6382.25,6385.51,3269.6,8584.57,2024,43
2024-44,328.47,99.96,-60.82,16100.0,6895.21,6906.73,4156.19,9675.43,2024,44
2024-45,134.64,104.89,-40.36,17499.96,6912.4,7014.48,4291.67,8615.86,2024,45
2024-46,145.26,104.89,-41.57,17500.0,6700.48,6584.91,4487.62,9084.87,2024,46
2024-47,316.23,148.43,-43.05,17500.0,7841.93,7732.8,4626.03,11302.59,2024,47
2024-48,261.91,114.1,-1000.0,17499.89,7961.37,7713.81,5596.33,11505.06,2024,48
2024-49,159.9,145.62,-528.18,9463.19,7423.74,7173.96,4981.68,11277.12,2024,49
2024-50,115.83,101.65,-51.54,828.62,7468.17,7250.27,4397.76,12549.72,2024,50
2024-51,32.16,50.58,-48.27,299.99,6347.8,6254.15,3268.88,10292.6,2024,51
2024-52,62.65,83.1,-40.18,590.91,6600.52,6424.78,3802.54,8969.59,2024,52
